record_id,source_split,transaction_type,merchant,amount,currency,transaction_date,bank,baseline_category_seed,target_category,notes,sms_text
sms_seed_v1-train-0001,train,debit,Zomato,47231.71,INR,24-04-2024,ICICI,Food,Food,Suggested from food-related merchant or message text.,Rs. 47231.71 debited from A/c **6325 on 24-04-2024 at Zomato. Avl Bal: Rs. 86483.27.
sms_seed_v1-train-0002,train,debit,Swiggy,25366.15,USD,2023-09-09,HDFC,Food,Food,Suggested from food-related merchant or message text.,$25366.15 withdrawn at Swiggy on 2023-09-09. Card ending in 1934. Balance: $58954.59.
sms_seed_v1-train-0003,train,debit,Ola,21179.15,USD,2024-02-10,Bank of America,Transport,Transport,Suggested from transport-related merchant or message text.,$21179.15 withdrawn at Ola on 2024-02-10. Card ending in 4426. Balance: $10447.54.
sms_seed_v1-train-0005,train,debit,AJIO,48279.38,USD,2023-10-02,ICICI,Utilities,Other,Defaulted to Other because the label was not certain.,$48279.38 spent at AJIO on 2023-10-02. Card ending in 2733. Balance: $23087.94.
sms_seed_v1-train-0006,train,debit,Target,45398.87,EUR,07-06-2024,Axis,Other,Other,Defaulted to Other because the label was not certain.,€45398.87 spent at Target on 07-06-2024. Card: ****1701. Balance: €77274.28.
sms_seed_v1-train-0007,train,debit,Best Buy,39688.71,USD,22/06/2024,SBI,Health,Other,Defaulted to Other because the label was not certain.,You made a $39688.71 transaction at Best Buy on 22/06/2024. Available: $55686.88.
sms_seed_v1-train-0008,train,debit,Whole Foods,40287.5,INR,2023-10-19,ICICI,Food,Other,Defaulted to Other because the label was not certain.,Your A/c **8752 spent Rs. 40287.5 on 2023-10-19 at Whole Foods. Balance: Rs. 43078.28.
sms_seed_v1-train-0009,train,debit,Grofers,21622.94,USD,2023-08-22,HDFC,Other,Groceries,Suggested from grocery-related merchant or message text.,debited: $21622.94 at Grofers on 2023-08-22 with card ...9829.
sms_seed_v1-train-0010,train,debit,Ola,12971.16,INR,03-11-2024,Bank of America,Transport,Transport,Suggested from transport-related merchant or message text.,Your A/c **2455 debited Rs. 12971.16 on 03-11-2024 at Ola. Balance: Rs. 49189.4.
sms_seed_v1-train-0012,train,debit,Ola,1050.27,JPY,18-03-2024,Axis,Transport,Transport,Suggested from transport-related merchant or message text.,ご利用¥1050.27 at Ola on 18-03-2024. Available: ¥58153.55.
sms_seed_v1-train-0014,train,debit,MakeMyTrip,8303.78,INR,20-02-2023,Chase,Other,Transport,Suggested from travel-ticket merchant or message text; collapsed to Transport because Travel is not in the shipped taxonomy.,INR 8303.78 debited via Debit Card to MakeMyTrip on 20-02-2023. Ref: 889950880813.
sms_seed_v1-train-0015,train,debit,Chevron,181.52,INR,14-03-2023,Kotak,Other,Transport,Suggested from fuel-related merchant or message text; collapsed to Transport because Fuel is not in the shipped taxonomy.,Rs. 181.52 spent from A/c **1003 on 14-03-2023 at Chevron. Avl Bal: Rs. 62978.79.
sms_seed_v1-train-0017,train,debit,Domino's,35328.61,INR,17/03/2024,Revolut,Other,Food,Suggested from food-related merchant or message text.,withdrawn of Rs. 35328.61 made at Domino's on 17/03/2024. Card ending 8395. Avl Bal: Rs. 61718.4.
sms_seed_v1-train-0018,train,debit,Shell,7012.87,USD,2023-05-16,Axis,Health,Transport,Suggested from fuel-related merchant or message text; collapsed to Transport because Fuel is not in the shipped taxonomy.,You made a $7012.87 transaction at Shell on 2023-05-16. Available: $84260.15.
sms_seed_v1-train-0019,train,debit,Netflix,36755.21,USD,03/04/2023,SBI,Entertainment,Entertainment,Suggested from entertainment-related merchant or message text.,You made a $36755.21 transaction at Netflix on 03/04/2023. Available: $18532.05.
sms_seed_v1-train-0020,train,debit,Target,7493.54,EUR,19/12/2023,Kotak,Other,Other,Defaulted to Other because the label was not certain.,€7493.54 spent at Target on 19/12/2023. Card: ****9122. Balance: €74938.39.
sms_seed_v1-train-0021,train,debit,Costco,13310.96,USD,11/12/2023,HDFC,Health,Other,Defaulted to Other because the label was not certain.,You made a $13310.96 transaction at Costco on 11/12/2023. Available: $50093.02.
sms_seed_v1-train-0022,train,debit,Amazon,6611.42,INR,2023-02-17,HDFC,Other,Other,Defaulted to Other because the label was not certain.,INR 6611.42 withdrawn via Credit Card to Amazon on 2023-02-17. Ref: 119997470118.
sms_seed_v1-train-0024,train,debit,AJIO,45473.79,INR,19-01-2023,Kotak,Utilities,Other,Defaulted to Other because the label was not certain.,Rs. 45473.79 debited from A/c **7870 on 19-01-2023 at AJIO. Avl Bal: Rs. 56002.5.
sms_seed_v1-train-0025,train,debit,Uber,23205.86,INR,2024-06-14,HDFC,Transport,Transport,Suggested from transport-related merchant or message text.,INR 23205.86 debited via Net Banking to Uber on 2024-06-14. Ref: 419467311184.
sms_seed_v1-train-0026,train,debit,PhonePe,28968.62,INR,2024-06-14,Kotak,Other,Other,Defaulted to Other because the label was not certain.,withdrawn of Rs. 28968.62 made at PhonePe on 2024-06-14. Card ending 5244. Avl Bal: Rs. 98418.08.
sms_seed_v1-train-0027,train,debit,Zomato,35365.71,INR,26/01/2024,Bank of America,Food,Food,Suggested from food-related merchant or message text.,INR 35365.71 debited via Wallet to Zomato on 26/01/2024. Ref: 845719442787.
sms_seed_v1-train-0028,train,debit,PhonePe,36935.71,INR,05-12-2023,SBI,Other,Other,Defaulted to Other because the label was not certain.,spent of Rs. 36935.71 made at PhonePe on 05-12-2023. Card ending 3106. Avl Bal: Rs. 77542.78.
sms_seed_v1-train-0029,train,debit,KFC,680.14,INR,16/08/2023,Axis,Other,Food,Suggested from food-related merchant or message text.,Rs. 680.14 withdrawn from A/c **9473 on 16/08/2023 at KFC. Avl Bal: Rs. 53427.74.
sms_seed_v1-train-0030,train,debit,Ola,41900.89,INR,04/03/2024,Revolut,Transport,Transport,Suggested from transport-related merchant or message text.,Your A/c **4038 spent Rs. 41900.89 on 04/03/2024 at Ola. Balance: Rs. 14885.23.
sms_seed_v1-train-0031,train,debit,BookMyShow,37326.56,EUR,17-09-2024,Kotak,Entertainment,Entertainment,Suggested from entertainment-related merchant or message text.,Transaction: €37326.56 to BookMyShow on 17-09-2024 via UPI.
sms_seed_v1-train-0032,train,debit,KFC,23991.9,EUR,19/10/2023,Bank of America,Other,Food,Suggested from food-related merchant or message text.,€23991.9 debited at KFC on 19/10/2023. Card: ****1129. Balance: €30967.8.
sms_seed_v1-train-0034,train,debit,Best Buy,5918.46,INR,04-05-2023,HDFC,Other,Other,Defaulted to Other because the label was not certain.,Rs. 5918.46 spent from A/c **8411 on 04-05-2023 at Best Buy. Avl Bal: Rs. 50887.72.
sms_seed_v1-train-0036,train,debit,BigBasket,35099.92,INR,20-10-2024,ICICI,Groceries,Groceries,Suggested from grocery-related merchant or message text.,Your A/c **4246 spent Rs. 35099.92 on 20-10-2024 at BigBasket. Balance: Rs. 57049.81.
sms_seed_v1-train-0039,train,debit,Pizza Hut,10906.19,INR,2023-05-10,Chase,Food,Food,Suggested from food-related merchant or message text.,Rs. 10906.19 withdrawn from A/c **7189 on 2023-05-10 at Pizza Hut. Avl Bal: Rs. 45809.22.
sms_seed_v1-train-0040,train,debit,Costco,23932.92,EUR,07/05/2024,ICICI,Other,Other,Defaulted to Other because the label was not certain.,Transaction: €23932.92 to Costco on 07/05/2024 via Wallet.
sms_seed_v1-train-0041,train,debit,Uber,22781.52,USD,24/02/2023,Axis,Transport,Transport,Suggested from transport-related merchant or message text.,You made a $22781.52 transaction at Uber on 24/02/2023. Available: $90736.75.
sms_seed_v1-train-0042,train,debit,Pizza Hut,28301.94,USD,2024-06-02,Revolut,Food,Food,Suggested from food-related merchant or message text.,withdrawn: $28301.94 at Pizza Hut on 2024-06-02 with card ...7841.
sms_seed_v1-train-0043,train,debit,Ola,43115.88,INR,2024-09-17,Bank of America,Transport,Transport,Suggested from transport-related merchant or message text.,spent of Rs. 43115.88 made at Ola on 2024-09-17. Card ending 2622. Avl Bal: Rs. 15346.45.
sms_seed_v1-train-0046,train,debit,Uber,23754.48,EUR,2023-06-28,Revolut,Transport,Transport,Suggested from transport-related merchant or message text.,Transaction: €23754.48 to Uber on 2023-06-28 via Debit Card.
sms_seed_v1-train-0048,train,debit,BigBasket,29652.84,USD,24/11/2024,Kotak,Groceries,Groceries,Suggested from grocery-related merchant or message text.,$29652.84 withdrawn at BigBasket on 24/11/2024. Card ending in 5377. Balance: $27608.56.
sms_seed_v1-train-0049,train,debit,AJIO,42332.22,EUR,2023-05-14,Chase,Utilities,Other,Defaulted to Other because the label was not certain.,Transaction: €42332.22 to AJIO on 2023-05-14 via Credit Card.
sms_seed_v1-train-0050,train,debit,BigBasket,7808.68,INR,15/01/2024,Revolut,Groceries,Groceries,Suggested from grocery-related merchant or message text.,Your A/c **9234 debited Rs. 7808.68 on 15/01/2024 at BigBasket. Balance: Rs. 58006.18.
sms_seed_v1-train-0051,train,debit,Paytm,4551.64,USD,23-06-2024,Kotak,Health,Other,Defaulted to Other because the label was not certain.,You made a $4551.64 transaction at Paytm on 23-06-2024. Available: $28311.93.
sms_seed_v1-train-0052,train,debit,Myntra,19120.79,INR,2023-03-02,Kotak,Other,Other,Defaulted to Other because the label was not certain.,INR 19120.79 withdrawn via Wallet to Myntra on 2023-03-02. Ref: 659859437131.
sms_seed_v1-train-0053,train,debit,Chevron,8218.32,INR,21/10/2023,Bank of America,Other,Transport,Suggested from fuel-related merchant or message text; collapsed to Transport because Fuel is not in the shipped taxonomy.,INR 8218.32 withdrawn via Debit Card to Chevron on 21/10/2023. Ref: 944724148527.
sms_seed_v1-train-0054,train,debit,Domino's,35440.87,INR,2023-05-06,HDFC,Other,Food,Suggested from food-related merchant or message text.,spent of Rs. 35440.87 made at Domino's on 2023-05-06. Card ending 8324. Avl Bal: Rs. 4736.24.
sms_seed_v1-train-0056,train,debit,ATM Withdrawal,500.0,INR,13-02-2024,SBI,Other,Other,Defaulted to Other because the label was not certain.,Rs.500 withdrawn from ATM on 13-02-2024
sms_seed_v1-train-0057,train,debit,Starbucks,21366.59,INR,26/11/2024,SBI,Other,Food,Suggested from food-related merchant or message text.,spent of Rs. 21366.59 made at Starbucks on 26/11/2024. Card ending 9405. Avl Bal: Rs. 92948.51.
sms_seed_v1-train-0058,train,debit,Zomato,21149.31,INR,12-09-2024,Bank of America,Food,Food,Suggested from food-related merchant or message text.,INR 21149.31 debited via UPI to Zomato on 12-09-2024. Ref: 387551345189.
sms_seed_v1-train-0060,train,debit,Whole Foods,18348.51,INR,2023-11-04,Axis,Food,Other,Defaulted to Other because the label was not certain.,Rs. 18348.51 withdrawn from A/c **4073 on 2023-11-04 at Whole Foods. Avl Bal: Rs. 96023.09.
sms_seed_v1-train-0061,train,debit,Netflix,37661.56,INR,07/04/2024,Revolut,Entertainment,Entertainment,Suggested from entertainment-related merchant or message text.,Rs. 37661.56 spent from A/c **3634 on 07/04/2024 at Netflix. Avl Bal: Rs. 27759.89.
sms_seed_v1-train-0062,train,debit,Whole Foods,47234.85,INR,2024-09-28,Revolut,Food,Other,Defaulted to Other because the label was not certain.,Rs. 47234.85 spent from A/c **2537 on 2024-09-28 at Whole Foods. Avl Bal: Rs. 87246.56.
sms_seed_v1-train-0064,train,debit,Nykaa,9316.21,INR,28/01/2023,HDFC,Other,Other,Defaulted to Other because the label was not certain.,Rs. 9316.21 debited from A/c **1590 on 28/01/2023 at Nykaa. Avl Bal: Rs. 34386.12.
sms_seed_v1-train-0065,train,debit,Amazon,2499.0,INR,14-02-2024,ICICI,Other,Other,Defaulted to Other because the label was not certain.,"Thank you for using your ICICI Bank Credit Card ending 5678 for INR 2,499 at AMAZON on 14-02-2024"
sms_seed_v1-train-0067,train,debit,Swiggy,1500.0,INR,15-02-2024,HDFC,Food,Food,Suggested from food-related merchant or message text.,"Rs.1,500.00 debited from a/c **1234 on 15-02-2024. Avl Bal: Rs.25,430.50. Swiggy - Food Order"
sms_seed_v1-train-0068,train,debit,Costco,36151.67,INR,27/12/2024,ICICI,Other,Other,Defaulted to Other because the label was not certain.,withdrawn of Rs. 36151.67 made at Costco on 27/12/2024. Card ending 1560. Avl Bal: Rs. 89942.59.
sms_seed_v1-train-0069,train,debit,Nykaa,20224.32,USD,18-03-2023,Axis,Health,Other,Defaulted to Other because the label was not certain.,You made a $20224.32 transaction at Nykaa on 18-03-2023. Available: $51718.2.
sms_seed_v1-train-0070,train,debit,KFC,34495.46,USD,03-04-2024,HDFC,Other,Food,Suggested from food-related merchant or message text.,$34495.46 spent at KFC on 03-04-2024. Card ending in 4605. Balance: $83755.12.
sms_seed_v1-train-0072,train,debit,Nykaa,3099.63,USD,25/04/2024,Chase,Health,Other,Defaulted to Other because the label was not certain.,You made a $3099.63 transaction at Nykaa on 25/04/2024. Available: $43017.1.
sms_seed_v1-train-0073,train,debit,Paytm,14672.75,USD,2024-06-20,Axis,Other,Other,Defaulted to Other because the label was not certain.,$14672.75 debited at Paytm on 2024-06-20. Card ending in 2765. Balance: $16992.13.
sms_seed_v1-train-0076,train,debit,KFC,36839.12,INR,15-07-2024,ICICI,Other,Food,Suggested from food-related merchant or message text.,spent of Rs. 36839.12 made at KFC on 15-07-2024. Card ending 2541. Avl Bal: Rs. 9071.49.
sms_seed_v1-train-0078,train,debit,Google Pay,34448.75,JPY,11-10-2023,Kotak,Other,Other,Defaulted to Other because the label was not certain.,¥34448.75 spent at Google Pay on 11-10-2023. Balance: ¥16732.61.
sms_seed_v1-train-0079,train,debit,Grofers,881.05,INR,2023-01-16,Axis,Other,Groceries,Suggested from grocery-related merchant or message text.,Rs. 881.05 debited from A/c **7043 on 2023-01-16 at Grofers. Avl Bal: Rs. 23459.0.
sms_seed_v1-train-0080,train,debit,BP,24149.48,INR,2024-11-28,Axis,Other,Transport,Suggested from fuel-related merchant or message text; collapsed to Transport because Fuel is not in the shipped taxonomy.,INR 24149.48 debited via Debit Card to BP on 2024-11-28. Ref: 857310055501.
sms_seed_v1-train-0081,train,debit,Spotify,4222.99,INR,2024-12-06,Kotak,Entertainment,Entertainment,Suggested from entertainment-related merchant or message text.,Rs. 4222.99 spent from A/c **4407 on 2024-12-06 at Spotify. Avl Bal: Rs. 59082.15.
sms_seed_v1-train-0082,train,debit,AJIO,7041.2,JPY,2023-04-07,ICICI,Utilities,Other,Defaulted to Other because the label was not certain.,ご利用¥7041.2 at AJIO on 2023-04-07. Available: ¥24615.57.
sms_seed_v1-train-0083,train,debit,Swiggy,30002.0,USD,27/09/2023,ICICI,Food,Food,Suggested from food-related merchant or message text.,spent: $30002.0 at Swiggy on 27/09/2023 with card ...8131.
sms_seed_v1-train-0085,train,debit,Ola,3050.41,USD,09/04/2023,Kotak,Transport,Transport,Suggested from transport-related merchant or message text.,$3050.41 withdrawn at Ola on 09/04/2023. Card ending in 4795. Balance: $77805.43.
sms_seed_v1-train-0088,train,debit,Google Pay,22466.79,INR,22/07/2023,SBI,Other,Other,Defaulted to Other because the label was not certain.,INR 22466.79 debited via Wallet to Google Pay on 22/07/2023. Ref: 193836186358.
sms_seed_v1-train-0091,train,debit,Target,40375.39,USD,16-07-2024,Axis,Other,Other,Defaulted to Other because the label was not certain.,$40375.39 withdrawn at Target on 16-07-2024. Card ending in 4818. Balance: $21790.4.
sms_seed_v1-train-0092,train,debit,AJIO,2022.45,USD,2023-07-23,Chase,Utilities,Other,Defaulted to Other because the label was not certain.,withdrawn: $2022.45 at AJIO on 2023-07-23 with card ...1942.
sms_seed_v1-train-0093,train,debit,Pizza Hut,32168.76,EUR,14-12-2024,Revolut,Food,Food,Suggested from food-related merchant or message text.,Transaction: €32168.76 to Pizza Hut on 14-12-2024 via UPI.
sms_seed_v1-train-0094,train,debit,Domino's,21215.68,INR,2023-01-25,HDFC,Other,Food,Suggested from food-related merchant or message text.,Your A/c **8038 spent Rs. 21215.68 on 2023-01-25 at Domino's. Balance: Rs. 14693.73.
sms_seed_v1-train-0095,train,debit,MakeMyTrip,42988.43,JPY,2024-02-09,Revolut,Other,Transport,Suggested from travel-ticket merchant or message text; collapsed to Transport because Travel is not in the shipped taxonomy.,¥42988.43 spent at MakeMyTrip on 2024-02-09. Balance: ¥48196.98.
sms_seed_v1-train-0097,train,debit,Starbucks,3382.68,INR,2023-10-02,Kotak,Other,Food,Suggested from food-related merchant or message text.,INR 3382.68 debited via Net Banking to Starbucks on 2023-10-02. Ref: 889777194087.
sms_seed_v1-train-0099,train,debit,Amazon,10759.25,JPY,09/02/2023,ICICI,Other,Other,Defaulted to Other because the label was not certain.,¥10759.25 withdrawn at Amazon on 09/02/2023. Balance: ¥10674.88.
sms_seed_v1-train-0100,train,debit,Nykaa,15867.04,INR,04/05/2023,ICICI,Other,Other,Defaulted to Other because the label was not certain.,INR 15867.04 withdrawn via Credit Card to Nykaa on 04/05/2023. Ref: 635931587094.
sms_seed_v1-train-0102,train,debit,Myntra,1900.67,INR,2024-02-16,HDFC,Other,Other,Defaulted to Other because the label was not certain.,Rs. 1900.67 withdrawn from A/c **1555 on 2024-02-16 at Myntra. Avl Bal: Rs. 36754.99.
sms_seed_v1-train-0103,train,debit,McDonald's,29042.25,USD,2024-03-07,Revolut,Health,Food,Suggested from food-related merchant or message text.,You made a $29042.25 transaction at McDonald's on 2024-03-07. Available: $47046.92.
sms_seed_v1-train-0104,train,debit,Best Buy,37510.33,INR,20/03/2024,Kotak,Other,Other,Defaulted to Other because the label was not certain.,INR 37510.33 debited via Credit Card to Best Buy on 20/03/2024. Ref: 711828537780.
sms_seed_v1-train-0105,train,debit,Exxon,47573.02,JPY,23/07/2024,SBI,Other,Transport,Suggested from fuel-related merchant or message text; collapsed to Transport because Fuel is not in the shipped taxonomy.,¥47573.02 debited at Exxon on 23/07/2024. Balance: ¥17538.6.
sms_seed_v1-train-0106,train,debit,McDonald's,46099.83,JPY,2023-11-23,ICICI,Health,Food,Suggested from food-related merchant or message text.,ご利用¥46099.83 at McDonald's on 2023-11-23. Available: ¥38037.32.
sms_seed_v1-train-0107,train,debit,Ola,13235.68,INR,07-08-2024,SBI,Transport,Transport,Suggested from transport-related merchant or message text.,withdrawn of Rs. 13235.68 made at Ola on 07-08-2024. Card ending 9836. Avl Bal: Rs. 51617.04.
sms_seed_v1-train-0108,train,debit,Shell,10214.81,EUR,12/08/2023,Axis,Other,Transport,Suggested from fuel-related merchant or message text; collapsed to Transport because Fuel is not in the shipped taxonomy.,Transaction: €10214.81 to Shell on 12/08/2023 via Credit Card.
sms_seed_v1-train-0110,train,debit,Uber,21753.27,USD,08/05/2024,SBI,Transport,Transport,Suggested from transport-related merchant or message text.,$21753.27 debited at Uber on 08/05/2024. Card ending in 2259. Balance: $73029.93.
sms_seed_v1-train-0111,train,debit,Ola,5143.44,INR,05-05-2024,Axis,Transport,Transport,Suggested from transport-related merchant or message text.,Your A/c **2765 withdrawn Rs. 5143.44 on 05-05-2024 at Ola. Balance: Rs. 88617.99.
sms_seed_v1-train-0112,train,debit,Costco,31707.04,INR,06-02-2024,Revolut,Other,Other,Defaulted to Other because the label was not certain.,Rs. 31707.04 spent from A/c **7808 on 06-02-2024 at Costco. Avl Bal: Rs. 22597.55.
sms_seed_v1-train-0113,train,debit,Whole Foods,22120.42,INR,2024-08-10,Axis,Food,Other,Defaulted to Other because the label was not certain.,Rs. 22120.42 spent from A/c **6169 on 2024-08-10 at Whole Foods. Avl Bal: Rs. 31104.56.
sms_seed_v1-train-0114,train,debit,BigBasket,44103.71,INR,2024-01-03,Revolut,Groceries,Groceries,Suggested from grocery-related merchant or message text.,spent of Rs. 44103.71 made at BigBasket on 2024-01-03. Card ending 2436. Avl Bal: Rs. 73230.95.
sms_seed_v1-train-0115,train,debit,Amazon,24113.13,USD,2024-12-18,HDFC,Other,Other,Defaulted to Other because the label was not certain.,withdrawn: $24113.13 at Amazon on 2024-12-18 with card ...4956.
sms_seed_v1-train-0116,train,debit,Costco,35772.2,USD,24/09/2023,Chase,Other,Other,Defaulted to Other because the label was not certain.,debited: $35772.2 at Costco on 24/09/2023 with card ...2419.
sms_seed_v1-train-0117,train,debit,Grofers,37619.9,EUR,14/08/2024,Revolut,Other,Groceries,Suggested from grocery-related merchant or message text.,Transaction: €37619.9 to Grofers on 14/08/2024 via Net Banking.
sms_seed_v1-train-0118,train,debit,Google Pay,32590.82,USD,2023-05-09,HDFC,Other,Other,Defaulted to Other because the label was not certain.,withdrawn: $32590.82 at Google Pay on 2023-05-09 with card ...7930.
sms_seed_v1-train-0119,train,debit,McDonald's,18639.82,JPY,15/05/2024,SBI,Other,Food,Suggested from food-related merchant or message text.,¥18639.82 debited at McDonald's on 15/05/2024. Balance: ¥18385.08.
sms_seed_v1-train-0120,train,debit,McDonald's,2695.49,USD,2024-11-06,Bank of America,Health,Food,Suggested from food-related merchant or message text.,You made a $2695.49 transaction at McDonald's on 2024-11-06. Available: $57290.87.
sms_seed_v1-train-0122,train,debit,Starbucks,23133.92,EUR,19/11/2023,SBI,Other,Food,Suggested from food-related merchant or message text.,€23133.92 withdrawn at Starbucks on 19/11/2023. Card: ****8445. Balance: €91427.73.
sms_seed_v1-train-0123,train,debit,Whole Foods,47588.12,INR,2023-03-11,Revolut,Food,Other,Defaulted to Other because the label was not certain.,debited of Rs. 47588.12 made at Whole Foods on 2023-03-11. Card ending 5943. Avl Bal: Rs. 45257.76.
sms_seed_v1-train-0124,train,debit,Google Pay,15085.37,USD,2024-06-08,Kotak,Health,Other,Defaulted to Other because the label was not certain.,You made a $15085.37 transaction at Google Pay on 2024-06-08. Available: $74087.18.
sms_seed_v1-train-0126,train,debit,AJIO,17873.85,INR,23-05-2024,Bank of America,Utilities,Other,Defaulted to Other because the label was not certain.,Rs. 17873.85 spent from A/c **1584 on 23-05-2024 at AJIO. Avl Bal: Rs. 47659.74.
sms_seed_v1-train-0127,train,debit,Nykaa,23086.97,INR,2024-07-26,Axis,Other,Other,Defaulted to Other because the label was not certain.,Your A/c **5759 withdrawn Rs. 23086.97 on 2024-07-26 at Nykaa. Balance: Rs. 31250.91.
sms_seed_v1-train-0128,train,debit,Myntra,7581.22,USD,22-02-2024,Revolut,Health,Other,Defaulted to Other because the label was not certain.,You made a $7581.22 transaction at Myntra on 22-02-2024. Available: $47772.47.
sms_seed_v1-train-0129,train,debit,AJIO,15648.95,INR,02-01-2023,Revolut,Utilities,Other,Defaulted to Other because the label was not certain.,spent of Rs. 15648.95 made at AJIO on 02-01-2023. Card ending 2150. Avl Bal: Rs. 49486.91.
sms_seed_v1-train-0130,train,debit,BP,37609.73,JPY,25/05/2023,Chase,Health,Transport,Suggested from fuel-related merchant or message text; collapsed to Transport because Fuel is not in the shipped taxonomy.,ご利用¥37609.73 at BP on 25/05/2023. Available: ¥19157.1.
sms_seed_v1-train-0131,train,debit,Chevron,22001.3,JPY,2023-01-13,ICICI,Other,Transport,Suggested from fuel-related merchant or message text; collapsed to Transport because Fuel is not in the shipped taxonomy.,¥22001.3 debited at Chevron on 2023-01-13. Balance: ¥56335.17.
sms_seed_v1-train-0133,train,debit,Amazon,26928.05,INR,10-09-2024,Revolut,Other,Other,Defaulted to Other because the label was not certain.,INR 26928.05 withdrawn via Wallet to Amazon on 10-09-2024. Ref: 726365304579.
sms_seed_v1-train-0134,train,debit,Myntra,6807.06,INR,20-09-2023,Bank of America,Other,Other,Defaulted to Other because the label was not certain.,Your A/c **9802 spent Rs. 6807.06 on 20-09-2023 at Myntra. Balance: Rs. 72508.52.
sms_seed_v1-train-0135,train,debit,MakeMyTrip,31756.5,INR,06-06-2023,Axis,Other,Transport,Suggested from travel-ticket merchant or message text; collapsed to Transport because Travel is not in the shipped taxonomy.,INR 31756.5 withdrawn via Credit Card to MakeMyTrip on 06-06-2023. Ref: 684583467452.
sms_seed_v1-train-0136,train,debit,Ola,27923.65,EUR,23/05/2024,Axis,Transport,Transport,Suggested from transport-related merchant or message text.,Transaction: €27923.65 to Ola on 23/05/2024 via Net Banking.
sms_seed_v1-train-0137,train,debit,Swiggy,17427.19,INR,24/09/2023,Kotak,Food,Food,Suggested from food-related merchant or message text.,Rs. 17427.19 spent from A/c **4136 on 24/09/2023 at Swiggy. Avl Bal: Rs. 81995.96.
sms_seed_v1-train-0138,train,debit,Nykaa,27114.55,INR,2024-08-04,Bank of America,Other,Other,Defaulted to Other because the label was not certain.,Your A/c **1469 spent Rs. 27114.55 on 2024-08-04 at Nykaa. Balance: Rs. 10159.0.
sms_seed_v1-train-0139,train,debit,AJIO,9606.26,INR,2023-06-27,HDFC,Utilities,Other,Defaulted to Other because the label was not certain.,Your A/c **4842 spent Rs. 9606.26 on 2023-06-27 at AJIO. Balance: Rs. 82795.44.
sms_seed_v1-train-0140,train,debit,Paytm,41519.06,EUR,2023-09-01,HDFC,Other,Other,Defaulted to Other because the label was not certain.,€41519.06 debited at Paytm on 2023-09-01. Card: ****8144. Balance: €22438.82.
sms_seed_v1-train-0141,train,debit,Exxon,15542.94,USD,21-09-2023,Chase,Health,Transport,Suggested from fuel-related merchant or message text; collapsed to Transport because Fuel is not in the shipped taxonomy.,You made a $15542.94 transaction at Exxon on 21-09-2023. Available: $98484.61.
sms_seed_v1-train-0144,train,debit,KFC,47858.66,EUR,2024-12-04,ICICI,Other,Food,Suggested from food-related merchant or message text.,Transaction: €47858.66 to KFC on 2024-12-04 via Credit Card.
sms_seed_v1-train-0145,train,debit,KFC,1147.8,EUR,2024-12-07,Axis,Other,Food,Suggested from food-related merchant or message text.,€1147.8 debited at KFC on 2024-12-07. Card: ****1247. Balance: €71050.92.
sms_seed_v1-train-0146,train,debit,Target,46556.21,JPY,2024-02-06,Bank of America,Other,Other,Defaulted to Other because the label was not certain.,¥46556.21 spent at Target on 2024-02-06. Balance: ¥41970.47.
sms_seed_v1-train-0148,train,debit,Costco,7173.54,INR,2023-03-10,ICICI,Other,Other,Defaulted to Other because the label was not certain.,Your A/c **2041 spent Rs. 7173.54 on 2023-03-10 at Costco. Balance: Rs. 50338.4.
sms_seed_v1-train-0149,train,debit,Best Buy,43461.27,USD,2024-04-05,Bank of America,Other,Other,Defaulted to Other because the label was not certain.,$43461.27 spent at Best Buy on 2024-04-05. Card ending in 6050. Balance: $31301.69.
sms_seed_v1-train-0152,train,debit,MakeMyTrip,42179.41,INR,12-06-2023,Kotak,Other,Transport,Suggested from travel-ticket merchant or message text; collapsed to Transport because Travel is not in the shipped taxonomy.,Your A/c **5780 spent Rs. 42179.41 on 12-06-2023 at MakeMyTrip. Balance: Rs. 53422.06.
sms_seed_v1-train-0153,train,debit,Target,8294.07,EUR,07/02/2023,ICICI,Other,Other,Defaulted to Other because the label was not certain.,Transaction: €8294.07 to Target on 07/02/2023 via Credit Card.
sms_seed_v1-train-0154,train,debit,Myntra,49397.96,INR,18/04/2023,HDFC,Other,Other,Defaulted to Other because the label was not certain.,debited of Rs. 49397.96 made at Myntra on 18/04/2023. Card ending 7170. Avl Bal: Rs. 4695.6.
sms_seed_v1-train-0156,train,debit,Nykaa,43235.91,INR,11-08-2023,SBI,Other,Other,Defaulted to Other because the label was not certain.,Your A/c **9389 withdrawn Rs. 43235.91 on 11-08-2023 at Nykaa. Balance: Rs. 89065.86.
sms_seed_v1-train-0157,train,debit,AJIO,15987.36,USD,27/08/2023,Kotak,Utilities,Other,Defaulted to Other because the label was not certain.,spent: $15987.36 at AJIO on 27/08/2023 with card ...8741.
sms_seed_v1-train-0159,train,debit,Google Pay,31376.65,JPY,15-08-2023,HDFC,Other,Other,Defaulted to Other because the label was not certain.,¥31376.65 withdrawn at Google Pay on 15-08-2023. Balance: ¥79408.3.
sms_seed_v1-train-0160,train,debit,PhonePe,48987.72,USD,2023-09-16,HDFC,Other,Other,Defaulted to Other because the label was not certain.,$48987.72 debited at PhonePe on 2023-09-16. Card ending in 4967. Balance: $3500.55.
sms_seed_v1-train-0162,train,debit,AJIO,31296.0,USD,26/08/2024,Chase,Utilities,Other,Defaulted to Other because the label was not certain.,$31296.0 debited at AJIO on 26/08/2024. Card ending in 7935. Balance: $35816.14.
sms_seed_v1-train-0163,train,debit,Whole Foods,44976.75,INR,11-09-2023,Revolut,Food,Other,Defaulted to Other because the label was not certain.,INR 44976.75 withdrawn via UPI to Whole Foods on 11-09-2023. Ref: 205127810881.
sms_seed_v1-train-0164,train,debit,Costco,24788.98,USD,02-09-2023,Axis,Other,Other,Defaulted to Other because the label was not certain.,debited: $24788.98 at Costco on 02-09-2023 with card ...2175.
sms_seed_v1-train-0165,train,debit,Swiggy,25360.43,INR,06-05-2024,HDFC,Food,Food,Suggested from food-related merchant or message text.,spent of Rs. 25360.43 made at Swiggy on 06-05-2024. Card ending 9124. Avl Bal: Rs. 86228.78.
sms_seed_v1-train-0166,train,debit,Starbucks,31116.14,USD,26-06-2023,SBI,Other,Food,Suggested from food-related merchant or message text.,$31116.14 withdrawn at Starbucks on 26-06-2023. Card ending in 1990. Balance: $11107.37.
sms_seed_v1-train-0167,train,debit,Paytm,10833.81,JPY,2023-12-01,Kotak,Other,Other,Defaulted to Other because the label was not certain.,¥10833.81 withdrawn at Paytm on 2023-12-01. Balance: ¥3573.45.
sms_seed_v1-train-0168,train,debit,Domino's,48572.9,EUR,10-03-2023,Kotak,Other,Food,Suggested from food-related merchant or message text.,€48572.9 withdrawn at Domino's on 10-03-2023. Card: ****1670. Balance: €31546.75.
sms_seed_v1-train-0169,train,debit,BigBasket,6882.57,INR,25-06-2023,HDFC,Groceries,Groceries,Suggested from grocery-related merchant or message text.,Your A/c **5193 withdrawn Rs. 6882.57 on 25-06-2023 at BigBasket. Balance: Rs. 38090.58.
sms_seed_v1-train-0171,train,debit,Whole Foods,33666.08,INR,28-12-2024,Chase,Food,Other,Defaulted to Other because the label was not certain.,Your A/c **4226 spent Rs. 33666.08 on 28-12-2024 at Whole Foods. Balance: Rs. 83080.31.
sms_seed_v1-train-0172,train,debit,Domino's,38699.53,INR,28-04-2023,Axis,Other,Food,Suggested from food-related merchant or message text.,spent of Rs. 38699.53 made at Domino's on 28-04-2023. Card ending 1847. Avl Bal: Rs. 59445.04.
sms_seed_v1-train-0173,train,debit,Zomato,49996.43,INR,2023-10-07,Revolut,Food,Food,Suggested from food-related merchant or message text.,debited of Rs. 49996.43 made at Zomato on 2023-10-07. Card ending 7645. Avl Bal: Rs. 16612.45.
sms_seed_v1-train-0174,train,debit,PhonePe,25143.31,JPY,23-01-2023,Revolut,Other,Other,Defaulted to Other because the label was not certain.,¥25143.31 spent at PhonePe on 23-01-2023. Balance: ¥42388.21.
sms_seed_v1-train-0175,train,debit,McDonald's,30830.13,INR,2023-04-08,ICICI,Other,Food,Suggested from food-related merchant or message text.,Rs. 30830.13 spent from A/c **9409 on 2023-04-08 at McDonald's. Avl Bal: Rs. 75416.09.
sms_seed_v1-train-0177,train,debit,Costco,27089.58,INR,2024-07-08,Axis,Other,Other,Defaulted to Other because the label was not certain.,INR 27089.58 withdrawn via UPI to Costco on 2024-07-08. Ref: 752623121386.
sms_seed_v1-train-0178,train,debit,PhonePe,28935.66,INR,12-06-2024,Kotak,Other,Other,Defaulted to Other because the label was not certain.,Rs. 28935.66 spent from A/c **4574 on 12-06-2024 at PhonePe. Avl Bal: Rs. 57267.09.
sms_seed_v1-train-0180,train,debit,Flipkart,26854.55,INR,16/02/2023,Kotak,Other,Other,Defaulted to Other because the label was not certain.,INR 26854.55 spent via UPI to Flipkart on 16/02/2023. Ref: 447493360917.
sms_seed_v1-train-0181,train,debit,MakeMyTrip,45576.68,INR,05/10/2023,Revolut,Other,Transport,Suggested from travel-ticket merchant or message text; collapsed to Transport because Travel is not in the shipped taxonomy.,Your A/c **5868 debited Rs. 45576.68 on 05/10/2023 at MakeMyTrip. Balance: Rs. 21587.83.
sms_seed_v1-train-0182,train,debit,Exxon,17179.24,USD,06/12/2023,Bank of America,Health,Transport,Suggested from fuel-related merchant or message text; collapsed to Transport because Fuel is not in the shipped taxonomy.,You made a $17179.24 transaction at Exxon on 06/12/2023. Available: $81012.72.
sms_seed_v1-train-0183,train,debit,McDonald's,25968.33,EUR,2024-12-05,Revolut,Other,Food,Suggested from food-related merchant or message text.,Transaction: €25968.33 to McDonald's on 2024-12-05 via Debit Card.
sms_seed_v1-train-0185,train,debit,Netflix,36518.18,USD,23/02/2024,Bank of America,Entertainment,Entertainment,Suggested from entertainment-related merchant or message text.,$36518.18 withdrawn at Netflix on 23/02/2024. Card ending in 8651. Balance: $83288.27.
sms_seed_v1-train-0187,train,debit,Walmart,14286.23,JPY,06/02/2023,Chase,Other,Other,Defaulted to Other because the label was not certain.,¥14286.23 withdrawn at Walmart on 06/02/2023. Balance: ¥38537.42.
sms_seed_v1-train-0188,train,debit,Paytm,17599.59,INR,02-01-2024,SBI,Other,Other,Defaulted to Other because the label was not certain.,withdrawn of Rs. 17599.59 made at Paytm on 02-01-2024. Card ending 7300. Avl Bal: Rs. 84411.11.
sms_seed_v1-train-0189,train,debit,MakeMyTrip,41572.18,JPY,21/07/2023,Axis,Other,Transport,Suggested from travel-ticket merchant or message text; collapsed to Transport because Travel is not in the shipped taxonomy.,¥41572.18 debited at MakeMyTrip on 21/07/2023. Balance: ¥9026.98.
sms_seed_v1-train-0190,train,debit,Ola,31819.8,INR,2023-01-12,Kotak,Transport,Transport,Suggested from transport-related merchant or message text.,Your A/c **5275 debited Rs. 31819.8 on 2023-01-12 at Ola. Balance: Rs. 62462.59.
sms_seed_v1-train-0191,train,debit,Grofers,4340.94,EUR,02-06-2023,Revolut,Other,Groceries,Suggested from grocery-related merchant or message text.,€4340.94 withdrawn at Grofers on 02-06-2023. Card: ****4371. Balance: €12689.64.
sms_seed_v1-train-0194,train,debit,BigBasket,22242.38,INR,28/12/2023,ICICI,Groceries,Groceries,Suggested from grocery-related merchant or message text.,Your A/c **2145 withdrawn Rs. 22242.38 on 28/12/2023 at BigBasket. Balance: Rs. 23273.69.
sms_seed_v1-train-0196,train,debit,Costco,22380.93,INR,09-02-2024,HDFC,Other,Other,Defaulted to Other because the label was not certain.,Rs. 22380.93 withdrawn from A/c **8068 on 09-02-2024 at Costco. Avl Bal: Rs. 96935.27.
sms_seed_v1-train-0197,train,debit,BigBasket,22072.0,INR,2023-11-11,ICICI,Groceries,Groceries,Suggested from grocery-related merchant or message text.,INR 22072.0 debited via Debit Card to BigBasket on 2023-11-11. Ref: 109316641222.
sms_seed_v1-train-0198,train,debit,Uber,25.0,EUR,15-02-2024,Revolut,Transport,Transport,Suggested from transport-related merchant or message text.,€25.00 paid to UBER on 15-02-2024
sms_seed_v1-train-0199,train,debit,Paytm,42569.12,INR,14/01/2024,Kotak,Other,Other,Defaulted to Other because the label was not certain.,Your A/c **4802 withdrawn Rs. 42569.12 on 14/01/2024 at Paytm. Balance: Rs. 74534.45.
sms_seed_v1-train-0200,train,debit,PhonePe,2663.01,INR,02/02/2023,HDFC,Other,Other,Defaulted to Other because the label was not certain.,INR 2663.01 debited via Debit Card to PhonePe on 02/02/2023. Ref: 487979684129.
sms_seed_v1-train-0201,train,debit,PhonePe,17599.01,USD,04-07-2023,Revolut,Health,Other,Defaulted to Other because the label was not certain.,You made a $17599.01 transaction at PhonePe on 04-07-2023. Available: $64019.41.
sms_seed_v1-train-0202,train,debit,Uber,49667.61,INR,09-08-2023,ICICI,Transport,Transport,Suggested from transport-related merchant or message text.,INR 49667.61 debited via Debit Card to Uber on 09-08-2023. Ref: 833338749494.
sms_seed_v1-train-0203,train,debit,Zomato,21831.26,USD,05-10-2024,HDFC,Food,Food,Suggested from food-related merchant or message text.,debited: $21831.26 at Zomato on 05-10-2024 with card ...6454.
sms_seed_v1-train-0204,train,debit,McDonald's,26195.72,EUR,2023-08-18,Revolut,Other,Food,Suggested from food-related merchant or message text.,Transaction: €26195.72 to McDonald's on 2023-08-18 via Debit Card.
sms_seed_v1-train-0205,train,debit,Exxon,33895.13,USD,2024-06-14,Revolut,Other,Transport,Suggested from fuel-related merchant or message text; collapsed to Transport because Fuel is not in the shipped taxonomy.,withdrawn: $33895.13 at Exxon on 2024-06-14 with card ...2847.
sms_seed_v1-train-0206,train,debit,Nykaa,32397.85,USD,2023-09-06,ICICI,Other,Other,Defaulted to Other because the label was not certain.,$32397.85 spent at Nykaa on 2023-09-06. Card ending in 6135. Balance: $11614.7.
sms_seed_v1-train-0207,train,debit,Costco,16650.51,JPY,2023-12-08,Bank of America,Other,Other,Defaulted to Other because the label was not certain.,¥16650.51 debited at Costco on 2023-12-08. Balance: ¥88841.77.
sms_seed_v1-train-0208,train,debit,Target,23775.67,EUR,24-10-2024,Kotak,Other,Other,Defaulted to Other because the label was not certain.,€23775.67 debited at Target on 24-10-2024. Card: ****6931. Balance: €49004.99.
sms_seed_v1-train-0212,train,debit,Amazon,44737.03,JPY,03/09/2024,Bank of America,Other,Other,Defaulted to Other because the label was not certain.,¥44737.03 debited at Amazon on 03/09/2024. Balance: ¥14879.93.
sms_seed_v1-train-0214,train,debit,Domino's,32790.33,USD,2024-05-21,Bank of America,Other,Food,Suggested from food-related merchant or message text.,debited: $32790.33 at Domino's on 2024-05-21 with card ...4581.
sms_seed_v1-train-0215,train,debit,Exxon,46132.79,INR,2024-02-26,HDFC,Other,Transport,Suggested from fuel-related merchant or message text; collapsed to Transport because Fuel is not in the shipped taxonomy.,Rs. 46132.79 spent from A/c **8358 on 2024-02-26 at Exxon. Avl Bal: Rs. 1762.84.
sms_seed_v1-train-0216,train,debit,Walmart,33466.75,INR,2024-12-18,HDFC,Other,Other,Defaulted to Other because the label was not certain.,debited of Rs. 33466.75 made at Walmart on 2024-12-18. Card ending 5910. Avl Bal: Rs. 22535.83.
sms_seed_v1-train-0218,train,debit,Best Buy,17962.09,EUR,12-11-2024,HDFC,Other,Other,Defaulted to Other because the label was not certain.,Transaction: €17962.09 to Best Buy on 12-11-2024 via Credit Card.
sms_seed_v1-train-0220,train,debit,MakeMyTrip,29715.95,JPY,12-03-2023,Revolut,Other,Transport,Suggested from travel-ticket merchant or message text; collapsed to Transport because Travel is not in the shipped taxonomy.,¥29715.95 spent at MakeMyTrip on 12-03-2023. Balance: ¥88168.25.
sms_seed_v1-train-0222,train,debit,KFC,31613.44,USD,2024-06-20,ICICI,Other,Food,Suggested from food-related merchant or message text.,$31613.44 withdrawn at KFC on 2024-06-20. Card ending in 6751. Balance: $15830.42.
sms_seed_v1-train-0223,train,debit,Best Buy,16719.49,INR,2023-09-04,ICICI,Other,Other,Defaulted to Other because the label was not certain.,Your A/c **1979 debited Rs. 16719.49 on 2023-09-04 at Best Buy. Balance: Rs. 61360.29.
sms_seed_v1-train-0224,train,debit,Chevron,7192.58,EUR,2023-03-24,ICICI,Other,Transport,Suggested from fuel-related merchant or message text; collapsed to Transport because Fuel is not in the shipped taxonomy.,€7192.58 debited at Chevron on 2023-03-24. Card: ****9724. Balance: €10004.99.
sms_seed_v1-train-0225,train,debit,Zomato,5129.69,INR,25/06/2024,Kotak,Food,Food,Suggested from food-related merchant or message text.,Rs. 5129.69 spent from A/c **2958 on 25/06/2024 at Zomato. Avl Bal: Rs. 78566.6.
sms_seed_v1-train-0226,train,debit,Pizza Hut,7404.0,USD,24-07-2023,ICICI,Food,Food,Suggested from food-related merchant or message text.,$7404.0 withdrawn at Pizza Hut on 24-07-2023. Card ending in 3726. Balance: $30654.53.
sms_seed_v1-train-0227,train,debit,Netflix,26623.61,INR,2024-07-14,Chase,Entertainment,Entertainment,Suggested from entertainment-related merchant or message text.,debited of Rs. 26623.61 made at Netflix on 2024-07-14. Card ending 3837. Avl Bal: Rs. 14215.96.
sms_seed_v1-train-0228,train,debit,Uber,18864.94,JPY,24/03/2023,Axis,Transport,Transport,Suggested from transport-related merchant or message text.,¥18864.94 spent at Uber on 24/03/2023. Balance: ¥91980.48.
sms_seed_v1-train-0229,train,debit,Grofers,24169.54,USD,2024-04-23,HDFC,Other,Groceries,Suggested from grocery-related merchant or message text.,$24169.54 withdrawn at Grofers on 2024-04-23. Card ending in 1936. Balance: $9126.62.
sms_seed_v1-train-0230,train,debit,AJIO,21281.56,INR,06-11-2023,Bank of America,Utilities,Other,Defaulted to Other because the label was not certain.,Rs. 21281.56 withdrawn from A/c **3723 on 06-11-2023 at AJIO. Avl Bal: Rs. 81588.77.
sms_seed_v1-train-0232,train,debit,Walmart,13388.98,JPY,02-06-2024,Kotak,Other,Other,Defaulted to Other because the label was not certain.,¥13388.98 debited at Walmart on 02-06-2024. Balance: ¥2682.18.
sms_seed_v1-train-0233,train,debit,BigBasket,23759.36,JPY,23/12/2024,ICICI,Groceries,Groceries,Suggested from grocery-related merchant or message text.,ご利用¥23759.36 at BigBasket on 23/12/2024. Available: ¥99615.08.
sms_seed_v1-train-0234,train,debit,Target,14603.41,USD,01-07-2023,Chase,Other,Other,Defaulted to Other because the label was not certain.,withdrawn: $14603.41 at Target on 01-07-2023 with card ...1992.
sms_seed_v1-train-0237,train,debit,Domino's,15973.64,INR,26/12/2024,Kotak,Other,Food,Suggested from food-related merchant or message text.,Rs. 15973.64 spent from A/c **5244 on 26/12/2024 at Domino's. Avl Bal: Rs. 82923.43.
sms_seed_v1-train-0238,train,debit,Whole Foods,21503.49,USD,15/06/2023,HDFC,Food,Other,Defaulted to Other because the label was not certain.,You made a $21503.49 transaction at Whole Foods on 15/06/2023. Available: $44541.73.
sms_seed_v1-train-0240,train,debit,McDonald's,16044.31,INR,17-01-2024,Kotak,Other,Food,Suggested from food-related merchant or message text.,Your A/c **3506 spent Rs. 16044.31 on 17-01-2024 at McDonald's. Balance: Rs. 84776.03.
sms_seed_v1-train-0241,train,debit,Starbucks,12243.44,USD,16-07-2023,Chase,Other,Food,Suggested from food-related merchant or message text.,$12243.44 debited at Starbucks on 16-07-2023. Card ending in 4224. Balance: $7846.68.
sms_seed_v1-train-0242,train,debit,Paytm,22912.34,JPY,07-03-2024,Bank of America,Other,Other,Defaulted to Other because the label was not certain.,¥22912.34 spent at Paytm on 07-03-2024. Balance: ¥43185.33.
sms_seed_v1-train-0243,train,debit,Netflix,1850.64,INR,09-04-2024,SBI,Entertainment,Entertainment,Suggested from entertainment-related merchant or message text.,Rs. 1850.64 withdrawn from A/c **4548 on 09-04-2024 at Netflix. Avl Bal: Rs. 60176.92.
sms_seed_v1-train-0244,train,debit,Costco,15135.37,INR,26/04/2024,Kotak,Other,Other,Defaulted to Other because the label was not certain.,withdrawn of Rs. 15135.37 made at Costco on 26/04/2024. Card ending 4797. Avl Bal: Rs. 79538.08.
sms_seed_v1-train-0245,train,debit,Nykaa,38706.34,INR,27-02-2024,SBI,Other,Other,Defaulted to Other because the label was not certain.,Your A/c **9822 withdrawn Rs. 38706.34 on 27-02-2024 at Nykaa. Balance: Rs. 33845.72.
sms_seed_v1-train-0248,train,debit,KFC,44075.26,INR,07/04/2024,Chase,Other,Food,Suggested from food-related merchant or message text.,Rs. 44075.26 withdrawn from A/c **4056 on 07/04/2024 at KFC. Avl Bal: Rs. 83957.14.
sms_seed_v1-train-0250,train,debit,Whole Foods,601.7,INR,28-04-2023,ICICI,Food,Other,Defaulted to Other because the label was not certain.,Rs. 601.7 withdrawn from A/c **2401 on 28-04-2023 at Whole Foods. Avl Bal: Rs. 25135.72.
sms_seed_v1-train-0251,train,debit,Netflix,19830.82,INR,09-08-2023,Kotak,Entertainment,Entertainment,Suggested from entertainment-related merchant or message text.,debited of Rs. 19830.82 made at Netflix on 09-08-2023. Card ending 7369. Avl Bal: Rs. 25815.39.
sms_seed_v1-train-0252,train,debit,Myntra,15715.04,JPY,15-04-2023,Chase,Health,Other,Defaulted to Other because the label was not certain.,ご利用¥15715.04 at Myntra on 15-04-2023. Available: ¥57221.59.
sms_seed_v1-train-0253,train,debit,PhonePe,25276.85,USD,2024-05-11,HDFC,Other,Other,Defaulted to Other because the label was not certain.,$25276.85 withdrawn at PhonePe on 2024-05-11. Card ending in 6600. Balance: $99134.96.
sms_seed_v1-train-0255,train,debit,KFC,2530.06,EUR,11/05/2024,ICICI,Other,Food,Suggested from food-related merchant or message text.,€2530.06 withdrawn at KFC on 11/05/2024. Card: ****8249. Balance: €61839.68.
sms_seed_v1-train-0256,train,debit,KFC,40897.26,USD,11-10-2024,ICICI,Other,Food,Suggested from food-related merchant or message text.,$40897.26 spent at KFC on 11-10-2024. Card ending in 1542. Balance: $47421.91.
sms_seed_v1-train-0257,train,debit,Paytm,8726.84,USD,2023-05-20,Revolut,Health,Other,Defaulted to Other because the label was not certain.,You made a $8726.84 transaction at Paytm on 2023-05-20. Available: $28366.4.
sms_seed_v1-train-0258,train,debit,Target,24219.04,USD,24/04/2024,Chase,Other,Other,Defaulted to Other because the label was not certain.,debited: $24219.04 at Target on 24/04/2024 with card ...6004.
sms_seed_v1-train-0259,train,debit,Domino's,48695.27,EUR,2023-01-08,Axis,Other,Food,Suggested from food-related merchant or message text.,€48695.27 debited at Domino's on 2023-01-08. Card: ****9036. Balance: €47002.67.
sms_seed_v1-train-0260,train,debit,Target,39343.87,JPY,2023-01-18,Revolut,Other,Other,Defaulted to Other because the label was not certain.,¥39343.87 debited at Target on 2023-01-18. Balance: ¥44525.85.
sms_seed_v1-train-0261,train,debit,Spotify,20613.85,USD,2024-05-12,ICICI,Entertainment,Entertainment,Suggested from entertainment-related merchant or message text.,You made a $20613.85 transaction at Spotify on 2024-05-12. Available: $58085.75.
sms_seed_v1-train-0262,train,debit,Shell,1790.87,INR,2024-07-09,Revolut,Other,Transport,Suggested from fuel-related merchant or message text; collapsed to Transport because Fuel is not in the shipped taxonomy.,withdrawn of Rs. 1790.87 made at Shell on 2024-07-09. Card ending 9272. Avl Bal: Rs. 76989.59.
sms_seed_v1-train-0263,train,debit,Grofers,24682.48,USD,2024-12-11,HDFC,Other,Groceries,Suggested from grocery-related merchant or message text.,$24682.48 spent at Grofers on 2024-12-11. Card ending in 1850. Balance: $41461.36.
sms_seed_v1-train-0264,train,debit,KFC,38927.04,INR,11-06-2023,Axis,Other,Food,Suggested from food-related merchant or message text.,Your A/c **9627 debited Rs. 38927.04 on 11-06-2023 at KFC. Balance: Rs. 64413.76.
sms_seed_v1-train-0265,train,debit,Flipkart,1762.73,INR,13-09-2024,Bank of America,Other,Other,Defaulted to Other because the label was not certain.,Your A/c **5280 spent Rs. 1762.73 on 13-09-2024 at Flipkart. Balance: Rs. 67463.91.
sms_seed_v1-train-0267,train,debit,Costco,32269.36,USD,2024-02-01,HDFC,Other,Other,Defaulted to Other because the label was not certain.,$32269.36 withdrawn at Costco on 2024-02-01. Card ending in 6487. Balance: $70969.78.
sms_seed_v1-train-0268,train,debit,Flipkart,30583.69,JPY,02-10-2023,HDFC,Health,Other,Defaulted to Other because the label was not certain.,ご利用¥30583.69 at Flipkart on 02-10-2023. Available: ¥32540.5.
sms_seed_v1-train-0269,train,debit,Flipkart,23255.11,USD,2023-11-03,Axis,Other,Other,Defaulted to Other because the label was not certain.,withdrawn: $23255.11 at Flipkart on 2023-11-03 with card ...8931.
sms_seed_v1-train-0270,train,debit,Shell,29797.46,USD,08/09/2023,HDFC,Other,Transport,Suggested from fuel-related merchant or message text; collapsed to Transport because Fuel is not in the shipped taxonomy.,spent: $29797.46 at Shell on 08/09/2023 with card ...4650.
sms_seed_v1-train-0271,train,debit,Starbucks,37646.85,EUR,2024-08-15,Kotak,Other,Food,Suggested from food-related merchant or message text.,Transaction: €37646.85 to Starbucks on 2024-08-15 via Net Banking.
sms_seed_v1-train-0272,train,debit,Uber,1141.67,JPY,04-07-2024,HDFC,Transport,Transport,Suggested from transport-related merchant or message text.,¥1141.67 spent at Uber on 04-07-2024. Balance: ¥31478.11.
sms_seed_v1-train-0274,train,debit,Chevron,29423.13,JPY,03/08/2024,HDFC,Other,Transport,Suggested from fuel-related merchant or message text; collapsed to Transport because Fuel is not in the shipped taxonomy.,¥29423.13 spent at Chevron on 03/08/2024. Balance: ¥92851.08.
sms_seed_v1-train-0275,train,debit,Chevron,44223.54,INR,25/09/2024,Chase,Other,Transport,Suggested from fuel-related merchant or message text; collapsed to Transport because Fuel is not in the shipped taxonomy.,spent of Rs. 44223.54 made at Chevron on 25/09/2024. Card ending 4315. Avl Bal: Rs. 75163.72.
sms_seed_v1-train-0276,train,debit,Best Buy,12875.78,INR,21/05/2023,Chase,Other,Other,Defaulted to Other because the label was not certain.,Your A/c **6019 spent Rs. 12875.78 on 21/05/2023 at Best Buy. Balance: Rs. 40162.95.
sms_seed_v1-train-0278,train,debit,BP,33397.37,USD,16/06/2024,Chase,Other,Transport,Suggested from fuel-related merchant or message text; collapsed to Transport because Fuel is not in the shipped taxonomy.,debited: $33397.37 at BP on 16/06/2024 with card ...4732.
sms_seed_v1-train-0279,train,debit,Whole Foods,14491.64,USD,21-01-2024,ICICI,Food,Other,Defaulted to Other because the label was not certain.,$14491.64 debited at Whole Foods on 21-01-2024. Card ending in 1289. Balance: $25120.32.
sms_seed_v1-train-0280,train,debit,Uber,2195.6,INR,01/05/2024,Kotak,Transport,Transport,Suggested from transport-related merchant or message text.,spent of Rs. 2195.6 made at Uber on 01/05/2024. Card ending 1434. Avl Bal: Rs. 73586.22.
sms_seed_v1-train-0282,train,debit,Whole Foods,18126.16,JPY,26-12-2024,Axis,Food,Other,Defaulted to Other because the label was not certain.,¥18126.16 withdrawn at Whole Foods on 26-12-2024. Balance: ¥39242.01.
sms_seed_v1-train-0283,train,debit,Uber,6953.53,USD,04/05/2023,Bank of America,Transport,Transport,Suggested from transport-related merchant or message text.,$6953.53 debited at Uber on 04/05/2023. Card ending in 2914. Balance: $14203.62.
sms_seed_v1-train-0284,train,debit,Zomato,4753.07,INR,12/11/2023,HDFC,Food,Food,Suggested from food-related merchant or message text.,Rs. 4753.07 withdrawn from A/c **5093 on 12/11/2023 at Zomato. Avl Bal: Rs. 2031.52.
sms_seed_v1-train-0286,train,debit,Target,31267.82,INR,15-11-2024,HDFC,Other,Other,Defaulted to Other because the label was not certain.,Your A/c **6514 debited Rs. 31267.82 on 15-11-2024 at Target. Balance: Rs. 48777.8.
sms_seed_v1-train-0287,train,debit,Whole Foods,5728.25,USD,26/03/2024,SBI,Food,Other,Defaulted to Other because the label was not certain.,$5728.25 spent at Whole Foods on 26/03/2024. Card ending in 3076. Balance: $21666.63.
sms_seed_v1-train-0288,train,debit,PhonePe,38130.37,USD,14-04-2024,Bank of America,Other,Other,Defaulted to Other because the label was not certain.,debited: $38130.37 at PhonePe on 14-04-2024 with card ...7544.
sms_seed_v1-train-0290,train,debit,Target,1683.21,JPY,04-08-2023,SBI,Other,Other,Defaulted to Other because the label was not certain.,¥1683.21 debited at Target on 04-08-2023. Balance: ¥63019.09.
sms_seed_v1-train-0291,train,debit,Target,28232.78,INR,28-01-2024,SBI,Other,Other,Defaulted to Other because the label was not certain.,INR 28232.78 spent via Net Banking to Target on 28-01-2024. Ref: 846882977702.
sms_seed_v1-train-0292,train,debit,BookMyShow,41108.29,USD,06/08/2023,HDFC,Entertainment,Entertainment,Suggested from entertainment-related merchant or message text.,You made a $41108.29 transaction at BookMyShow on 06/08/2023. Available: $96242.65.
sms_seed_v1-train-0293,train,debit,Starbucks,10755.94,USD,21-12-2024,HDFC,Other,Food,Suggested from food-related merchant or message text.,$10755.94 withdrawn at Starbucks on 21-12-2024. Card ending in 9798. Balance: $51174.57.
sms_seed_v1-train-0294,train,debit,KFC,27796.66,INR,2023-03-15,SBI,Other,Food,Suggested from food-related merchant or message text.,Your A/c **5748 withdrawn Rs. 27796.66 on 2023-03-15 at KFC. Balance: Rs. 41133.53.
sms_seed_v1-train-0295,train,debit,Shell,8448.33,USD,22-11-2023,Kotak,Other,Transport,Suggested from fuel-related merchant or message text; collapsed to Transport because Fuel is not in the shipped taxonomy.,debited: $8448.33 at Shell on 22-11-2023 with card ...9165.
sms_seed_v1-train-0296,train,debit,Grofers,26106.76,USD,2024-09-18,Axis,Other,Groceries,Suggested from grocery-related merchant or message text.,debited: $26106.76 at Grofers on 2024-09-18 with card ...9012.
sms_seed_v1-train-0297,train,debit,Best Buy,24083.6,EUR,2023-06-02,ICICI,Other,Other,Defaulted to Other because the label was not certain.,Transaction: €24083.6 to Best Buy on 2023-06-02 via Debit Card.
sms_seed_v1-train-0298,train,debit,PhonePe,47759.17,EUR,27-02-2024,Axis,Other,Other,Defaulted to Other because the label was not certain.,€47759.17 spent at PhonePe on 27-02-2024. Card: ****2847. Balance: €71963.23.
sms_seed_v1-train-0299,train,debit,Starbucks,45.99,USD,15-02-2024,Chase,Other,Food,Suggested from food-related merchant or message text.,You made a $45.99 transaction at STARBUCKS on 02/15/2024
sms_seed_v1-train-0300,train,debit,Costco,21937.68,INR,28-03-2023,Axis,Other,Other,Defaulted to Other because the label was not certain.,Your A/c **4337 withdrawn Rs. 21937.68 on 28-03-2023 at Costco. Balance: Rs. 13762.26.
sms_seed_v1-train-0301,train,debit,KFC,16721.38,INR,01/10/2024,Chase,Other,Food,Suggested from food-related merchant or message text.,Rs. 16721.38 spent from A/c **2277 on 01/10/2024 at KFC. Avl Bal: Rs. 48404.11.
sms_seed_v1-train-0302,train,debit,Nykaa,31703.46,INR,13-01-2024,HDFC,Other,Other,Defaulted to Other because the label was not certain.,Your A/c **4251 spent Rs. 31703.46 on 13-01-2024 at Nykaa. Balance: Rs. 8039.77.
sms_seed_v1-train-0303,train,debit,Domino's,16550.78,USD,07-08-2023,Kotak,Other,Food,Suggested from food-related merchant or message text.,$16550.78 withdrawn at Domino's on 07-08-2023. Card ending in 5698. Balance: $17524.28.
sms_seed_v1-train-0304,train,debit,Shell,30382.49,USD,17-08-2023,SBI,Health,Transport,Suggested from fuel-related merchant or message text; collapsed to Transport because Fuel is not in the shipped taxonomy.,You made a $30382.49 transaction at Shell on 17-08-2023. Available: $38718.61.
sms_seed_v1-train-0305,train,debit,Domino's,22409.65,EUR,03/02/2024,HDFC,Other,Food,Suggested from food-related merchant or message text.,Transaction: €22409.65 to Domino's on 03/02/2024 via Debit Card.
sms_seed_v1-train-0306,train,debit,Spotify,22900.79,USD,17-02-2023,Axis,Entertainment,Entertainment,Suggested from entertainment-related merchant or message text.,$22900.79 debited at Spotify on 17-02-2023. Card ending in 2180. Balance: $30645.04.
sms_seed_v1-train-0307,train,debit,Uber,44924.3,USD,06/03/2023,HDFC,Transport,Transport,Suggested from transport-related merchant or message text.,You made a $44924.3 transaction at Uber on 06/03/2023. Available: $81045.75.
sms_seed_v1-train-0309,train,debit,BP,36768.88,EUR,10-12-2023,Axis,Other,Transport,Suggested from fuel-related merchant or message text; collapsed to Transport because Fuel is not in the shipped taxonomy.,€36768.88 spent at BP on 10-12-2023. Card: ****8941. Balance: €34730.37.
sms_seed_v1-train-0310,train,debit,Chevron,24410.51,JPY,12-10-2023,HDFC,Other,Transport,Suggested from fuel-related merchant or message text; collapsed to Transport because Fuel is not in the shipped taxonomy.,¥24410.51 spent at Chevron on 12-10-2023. Balance: ¥81742.01.
sms_seed_v1-train-0311,train,debit,KFC,9875.4,INR,05-03-2024,Bank of America,Other,Food,Suggested from food-related merchant or message text.,debited of Rs. 9875.4 made at KFC on 05-03-2024. Card ending 2120. Avl Bal: Rs. 80325.22.
sms_seed_v1-train-0313,train,debit,McDonald's,17986.89,USD,2024-07-08,Chase,Other,Food,Suggested from food-related merchant or message text.,$17986.89 withdrawn at McDonald's on 2024-07-08. Card ending in 1582. Balance: $6520.86.
sms_seed_v1-train-0314,train,debit,Amazon,18873.35,INR,2024-01-24,Axis,Other,Other,Defaulted to Other because the label was not certain.,INR 18873.35 debited via Credit Card to Amazon on 2024-01-24. Ref: 996947253408.
sms_seed_v1-train-0317,train,debit,Chevron,1415.14,INR,11-10-2023,SBI,Other,Transport,Suggested from fuel-related merchant or message text; collapsed to Transport because Fuel is not in the shipped taxonomy.,debited of Rs. 1415.14 made at Chevron on 11-10-2023. Card ending 5790. Avl Bal: Rs. 61975.03.
sms_seed_v1-train-0319,train,debit,Uber,20437.62,USD,20-10-2024,Revolut,Transport,Transport,Suggested from transport-related merchant or message text.,spent: $20437.62 at Uber on 20-10-2024 with card ...4305.
sms_seed_v1-train-0320,train,debit,Shell,347.73,USD,2023-04-19,HDFC,Health,Transport,Suggested from fuel-related merchant or message text; collapsed to Transport because Fuel is not in the shipped taxonomy.,You made a $347.73 transaction at Shell on 2023-04-19. Available: $93318.22.
sms_seed_v1-train-0323,train,debit,Swiggy,5770.34,USD,22-05-2023,ICICI,Food,Food,Suggested from food-related merchant or message text.,You made a $5770.34 transaction at Swiggy on 22-05-2023. Available: $69927.09.
sms_seed_v1-train-0324,train,debit,Target,7030.67,USD,11-11-2023,Revolut,Other,Other,Defaulted to Other because the label was not certain.,$7030.67 withdrawn at Target on 11-11-2023. Card ending in 9337. Balance: $24697.35.
sms_seed_v1-train-0326,train,debit,AJIO,33490.7,USD,14-03-2024,SBI,Utilities,Other,Defaulted to Other because the label was not certain.,$33490.7 debited at AJIO on 14-03-2024. Card ending in 6604. Balance: $55705.11.
sms_seed_v1-train-0327,train,debit,Paytm,11243.34,INR,15-03-2023,Axis,Other,Other,Defaulted to Other because the label was not certain.,INR 11243.34 debited via Debit Card to Paytm on 15-03-2023. Ref: 884070738343.
sms_seed_v1-train-0328,train,debit,Grofers,8152.67,INR,2024-03-07,ICICI,Other,Groceries,Suggested from grocery-related merchant or message text.,INR 8152.67 withdrawn via Debit Card to Grofers on 2024-03-07. Ref: 556466734206.
sms_seed_v1-train-0329,train,debit,Walmart,1125.62,EUR,02-07-2024,Chase,Other,Other,Defaulted to Other because the label was not certain.,Transaction: €1125.62 to Walmart on 02-07-2024 via Net Banking.
sms_seed_v1-train-0331,train,debit,Target,26611.7,INR,2023-06-01,Chase,Other,Other,Defaulted to Other because the label was not certain.,INR 26611.7 spent via UPI to Target on 2023-06-01. Ref: 828586261503.
sms_seed_v1-train-0332,train,debit,Ola,39054.37,USD,14-10-2024,Axis,Transport,Transport,Suggested from transport-related merchant or message text.,You made a $39054.37 transaction at Ola on 14-10-2024. Available: $94843.25.
sms_seed_v1-train-0333,train,debit,MakeMyTrip,20115.11,USD,24/09/2023,Bank of America,Other,Transport,Suggested from travel-ticket merchant or message text; collapsed to Transport because Travel is not in the shipped taxonomy.,debited: $20115.11 at MakeMyTrip on 24/09/2023 with card ...5709.
sms_seed_v1-train-0334,train,debit,Costco,42751.55,USD,13/05/2024,Axis,Health,Other,Defaulted to Other because the label was not certain.,You made a $42751.55 transaction at Costco on 13/05/2024. Available: $38199.23.
sms_seed_v1-train-0337,train,debit,KFC,44002.93,USD,13-10-2023,Kotak,Other,Food,Suggested from food-related merchant or message text.,$44002.93 debited at KFC on 13-10-2023. Card ending in 2478. Balance: $58200.94.
sms_seed_v1-train-0340,train,debit,Zomato,43128.37,INR,22-08-2024,Bank of America,Food,Food,Suggested from food-related merchant or message text.,INR 43128.37 withdrawn via Net Banking to Zomato on 22-08-2024. Ref: 211864672471.
sms_seed_v1-train-0341,train,debit,Chevron,48512.86,JPY,01/11/2024,Kotak,Other,Transport,Suggested from fuel-related merchant or message text; collapsed to Transport because Fuel is not in the shipped taxonomy.,¥48512.86 withdrawn at Chevron on 01/11/2024. Balance: ¥50640.5.
sms_seed_v1-train-0342,train,debit,McDonald's,21228.5,USD,09/06/2023,Chase,Health,Food,Suggested from food-related merchant or message text.,You made a $21228.5 transaction at McDonald's on 09/06/2023. Available: $55360.13.
sms_seed_v1-train-0344,train,debit,BP,26647.05,USD,20/10/2023,Chase,Other,Transport,Suggested from fuel-related merchant or message text; collapsed to Transport because Fuel is not in the shipped taxonomy.,$26647.05 withdrawn at BP on 20/10/2023. Card ending in 2140. Balance: $13761.92.
sms_seed_v1-train-0345,train,debit,Grofers,30902.93,EUR,2024-09-24,Kotak,Other,Groceries,Suggested from grocery-related merchant or message text.,Transaction: €30902.93 to Grofers on 2024-09-24 via Net Banking.
sms_seed_v1-train-0346,train,debit,Target,45866.34,INR,2024-01-09,Axis,Other,Other,Defaulted to Other because the label was not certain.,INR 45866.34 debited via Net Banking to Target on 2024-01-09. Ref: 697315987764.
sms_seed_v1-train-0347,train,debit,Netflix,36421.8,INR,28/10/2024,Chase,Entertainment,Entertainment,Suggested from entertainment-related merchant or message text.,Rs. 36421.8 withdrawn from A/c **6762 on 28/10/2024 at Netflix. Avl Bal: Rs. 65756.82.
sms_seed_v1-train-0352,train,debit,Spotify,39775.15,INR,08/11/2024,SBI,Entertainment,Entertainment,Suggested from entertainment-related merchant or message text.,INR 39775.15 debited via UPI to Spotify on 08/11/2024. Ref: 101094353669.
sms_seed_v1-train-0355,train,debit,Costco,24164.91,EUR,24/04/2024,SBI,Other,Other,Defaulted to Other because the label was not certain.,€24164.91 debited at Costco on 24/04/2024. Card: ****6220. Balance: €27143.77.
sms_seed_v1-train-0356,train,debit,Pizza Hut,21104.84,JPY,09-05-2023,Bank of America,Food,Food,Suggested from food-related merchant or message text.,¥21104.84 withdrawn at Pizza Hut on 09-05-2023. Balance: ¥78540.23.
sms_seed_v1-train-0357,train,debit,Exxon,28795.37,INR,08/09/2024,Kotak,Other,Transport,Suggested from fuel-related merchant or message text; collapsed to Transport because Fuel is not in the shipped taxonomy.,Rs. 28795.37 spent from A/c **4105 on 08/09/2024 at Exxon. Avl Bal: Rs. 82222.04.
sms_seed_v1-train-0358,train,debit,Walmart,49754.01,INR,19-09-2024,Bank of America,Other,Other,Defaulted to Other because the label was not certain.,Your A/c **4371 spent Rs. 49754.01 on 19-09-2024 at Walmart. Balance: Rs. 22306.83.
sms_seed_v1-train-0360,train,debit,BookMyShow,39317.86,INR,12-03-2024,SBI,Entertainment,Entertainment,Suggested from entertainment-related merchant or message text.,INR 39317.86 withdrawn via Credit Card to BookMyShow on 12-03-2024. Ref: 522314958423.
sms_seed_v1-train-0361,train,debit,Exxon,2235.17,INR,20/09/2024,Axis,Other,Transport,Suggested from fuel-related merchant or message text; collapsed to Transport because Fuel is not in the shipped taxonomy.,spent of Rs. 2235.17 made at Exxon on 20/09/2024. Card ending 6919. Avl Bal: Rs. 68392.95.
sms_seed_v1-val-0001,val,debit,Costco,21066.3,INR,16-06-2024,SBI,Other,Other,Defaulted to Other because the label was not certain.,Your A/c **5802 withdrawn Rs. 21066.3 on 16-06-2024 at Costco. Balance: Rs. 20154.37.
sms_seed_v1-val-0002,val,debit,Starbucks,48520.76,INR,17/08/2024,HDFC,Other,Food,Suggested from food-related merchant or message text.,Your A/c **7702 spent Rs. 48520.76 on 17/08/2024 at Starbucks. Balance: Rs. 20790.54.
sms_seed_v1-val-0003,val,debit,Netflix,29690.13,USD,23/11/2023,Axis,Entertainment,Entertainment,Suggested from entertainment-related merchant or message text.,$29690.13 withdrawn at Netflix on 23/11/2023. Card ending in 3139. Balance: $82551.17.
sms_seed_v1-val-0005,val,debit,Zomato,44364.63,USD,2024-10-16,Kotak,Food,Food,Suggested from food-related merchant or message text.,$44364.63 spent at Zomato on 2024-10-16. Card ending in 4376. Balance: $2084.91.
sms_seed_v1-val-0006,val,debit,MakeMyTrip,18849.87,USD,24-06-2024,ICICI,Other,Transport,Suggested from travel-ticket merchant or message text; collapsed to Transport because Travel is not in the shipped taxonomy.,withdrawn: $18849.87 at MakeMyTrip on 24-06-2024 with card ...5956.
sms_seed_v1-val-0007,val,debit,Target,37472.71,INR,04-06-2024,Kotak,Other,Other,Defaulted to Other because the label was not certain.,Your A/c **7625 spent Rs. 37472.71 on 04-06-2024 at Target. Balance: Rs. 27583.46.
sms_seed_v1-val-0008,val,debit,Paytm,11857.95,INR,17/03/2023,HDFC,Other,Other,Defaulted to Other because the label was not certain.,Your A/c **2526 debited Rs. 11857.95 on 17/03/2023 at Paytm. Balance: Rs. 71386.84.
sms_seed_v1-val-0009,val,debit,Google Pay,45722.11,INR,27-11-2023,SBI,Other,Other,Defaulted to Other because the label was not certain.,Rs. 45722.11 debited from A/c **7251 on 27-11-2023 at Google Pay. Avl Bal: Rs. 87747.93.
sms_seed_v1-val-0012,val,debit,Amazon,33678.24,INR,06/07/2023,Revolut,Other,Other,Defaulted to Other because the label was not certain.,INR 33678.24 spent via Credit Card to Amazon on 06/07/2023. Ref: 497888702250.
sms_seed_v1-val-0013,val,debit,Zomato,41735.12,USD,10-04-2023,Chase,Food,Food,Suggested from food-related merchant or message text.,debited: $41735.12 at Zomato on 10-04-2023 with card ...2917.
sms_seed_v1-val-0014,val,debit,BookMyShow,11100.66,INR,01/07/2024,Revolut,Entertainment,Entertainment,Suggested from entertainment-related merchant or message text.,Rs. 11100.66 spent from A/c **5106 on 01/07/2024 at BookMyShow. Avl Bal: Rs. 92080.73.
sms_seed_v1-val-0015,val,debit,Pizza Hut,37330.47,JPY,2023-04-11,Chase,Food,Food,Suggested from food-related merchant or message text.,¥37330.47 debited at Pizza Hut on 2023-04-11. Balance: ¥80057.55.
sms_seed_v1-val-0016,val,debit,McDonald's,31656.84,INR,2023-01-26,Revolut,Other,Food,Suggested from food-related merchant or message text.,Rs. 31656.84 debited from A/c **9805 on 2023-01-26 at McDonald's. Avl Bal: Rs. 18197.07.
sms_seed_v1-val-0018,val,debit,Myntra,45249.84,EUR,2023-07-21,SBI,Other,Other,Defaulted to Other because the label was not certain.,€45249.84 spent at Myntra on 2023-07-21. Card: ****8414. Balance: €17729.94.
sms_seed_v1-val-0019,val,debit,Uber,16290.94,INR,23/07/2024,Kotak,Transport,Transport,Suggested from transport-related merchant or message text.,Your A/c **8829 withdrawn Rs. 16290.94 on 23/07/2024 at Uber. Balance: Rs. 71555.67.
sms_seed_v1-val-0020,val,debit,Google Pay,34815.65,INR,24/07/2023,Revolut,Other,Other,Defaulted to Other because the label was not certain.,Rs. 34815.65 spent from A/c **5349 on 24/07/2023 at Google Pay. Avl Bal: Rs. 21086.62.
sms_seed_v1-val-0021,val,debit,Myntra,39508.5,INR,16-10-2023,HDFC,Other,Other,Defaulted to Other because the label was not certain.,Rs. 39508.5 withdrawn from A/c **9103 on 16-10-2023 at Myntra. Avl Bal: Rs. 49877.99.
sms_seed_v1-val-0023,val,debit,Uber,28863.85,INR,01-11-2024,Bank of America,Transport,Transport,Suggested from transport-related merchant or message text.,INR 28863.85 spent via Net Banking to Uber on 01-11-2024. Ref: 346293423344.
sms_seed_v1-val-0024,val,debit,MakeMyTrip,40657.02,JPY,23-05-2023,Revolut,Other,Transport,Suggested from travel-ticket merchant or message text; collapsed to Transport because Travel is not in the shipped taxonomy.,¥40657.02 withdrawn at MakeMyTrip on 23-05-2023. Balance: ¥13849.82.
sms_seed_v1-val-0025,val,debit,Uber,27506.11,INR,2024-03-03,ICICI,Transport,Transport,Suggested from transport-related merchant or message text.,debited of Rs. 27506.11 made at Uber on 2024-03-03. Card ending 8909. Avl Bal: Rs. 25897.5.
sms_seed_v1-val-0026,val,debit,MakeMyTrip,426.15,INR,2024-03-05,Axis,Other,Transport,Suggested from travel-ticket merchant or message text; collapsed to Transport because Travel is not in the shipped taxonomy.,Your A/c **2350 spent Rs. 426.15 on 2024-03-05 at MakeMyTrip. Balance: Rs. 33191.72.
sms_seed_v1-val-0027,val,debit,McDonald's,17910.22,INR,09/12/2023,Chase,Other,Food,Suggested from food-related merchant or message text.,debited of Rs. 17910.22 made at McDonald's on 09/12/2023. Card ending 9289. Avl Bal: Rs. 40444.53.
sms_seed_v1-val-0028,val,debit,Myntra,11707.39,USD,12/08/2023,Kotak,Other,Other,Defaulted to Other because the label was not certain.,spent: $11707.39 at Myntra on 12/08/2023 with card ...8895.
sms_seed_v1-val-0029,val,debit,Uber,5538.34,USD,16-02-2023,Chase,Transport,Transport,Suggested from transport-related merchant or message text.,$5538.34 withdrawn at Uber on 16-02-2023. Card ending in 4874. Balance: $40208.31.
sms_seed_v1-val-0030,val,debit,BookMyShow,15396.53,INR,2023-08-20,Chase,Entertainment,Entertainment,Suggested from entertainment-related merchant or message text.,Your A/c **2818 spent Rs. 15396.53 on 2023-08-20 at BookMyShow. Balance: Rs. 14522.52.
sms_seed_v1-val-0033,val,debit,KFC,39248.67,INR,2023-07-18,Kotak,Other,Food,Suggested from food-related merchant or message text.,spent of Rs. 39248.67 made at KFC on 2023-07-18. Card ending 6480. Avl Bal: Rs. 86507.14.
sms_seed_v1-val-0036,val,debit,Ola,7095.95,EUR,21-03-2024,Axis,Transport,Transport,Suggested from transport-related merchant or message text.,€7095.95 spent at Ola on 21-03-2024. Card: ****2926. Balance: €37484.19.
sms_seed_v1-val-0038,val,debit,Spotify,40297.59,INR,2024-07-12,Revolut,Entertainment,Entertainment,Suggested from entertainment-related merchant or message text.,Your A/c **3683 debited Rs. 40297.59 on 2024-07-12 at Spotify. Balance: Rs. 43496.67.
sms_seed_v1-val-0040,val,debit,Netflix,32911.28,EUR,15-11-2024,HDFC,Entertainment,Entertainment,Suggested from entertainment-related merchant or message text.,€32911.28 debited at Netflix on 15-11-2024. Card: ****3000. Balance: €45056.02.
sms_seed_v1-val-0042,val,debit,Nykaa,25257.66,USD,15-07-2024,ICICI,Health,Other,Defaulted to Other because the label was not certain.,You made a $25257.66 transaction at Nykaa on 15-07-2024. Available: $20721.43.
sms_seed_v1-val-0043,val,debit,Exxon,45710.47,INR,02/08/2023,Revolut,Other,Transport,Suggested from fuel-related merchant or message text; collapsed to Transport because Fuel is not in the shipped taxonomy.,INR 45710.47 debited via Credit Card to Exxon on 02/08/2023. Ref: 484525996602.
sms_seed_v1-val-0044,val,debit,Grofers,7785.02,EUR,23-07-2023,Revolut,Other,Groceries,Suggested from grocery-related merchant or message text.,€7785.02 withdrawn at Grofers on 23-07-2023. Card: ****3938. Balance: €66244.59.
sms_seed_v1-val-0045,val,debit,BigBasket,29769.67,INR,15/04/2024,ICICI,Groceries,Groceries,Suggested from grocery-related merchant or message text.,Rs. 29769.67 withdrawn from A/c **7505 on 15/04/2024 at BigBasket. Avl Bal: Rs. 84177.07.
sms_seed_v1-val-0046,val,debit,AJIO,19901.42,JPY,05/02/2023,Revolut,Utilities,Other,Defaulted to Other because the label was not certain.,ご利用¥19901.42 at AJIO on 05/02/2023. Available: ¥65105.79.
sms_seed_v1-val-0048,val,debit,Paytm,43234.03,INR,17/09/2023,Revolut,Other,Other,Defaulted to Other because the label was not certain.,Your A/c **6079 spent Rs. 43234.03 on 17/09/2023 at Paytm. Balance: Rs. 53570.35.
sms_seed_v1-val-0049,val,debit,Target,7972.15,INR,22-11-2023,Chase,Other,Other,Defaulted to Other because the label was not certain.,debited of Rs. 7972.15 made at Target on 22-11-2023. Card ending 4522. Avl Bal: Rs. 7814.53.
sms_seed_v1-val-0050,val,debit,Chevron,2810.58,INR,11/04/2024,Bank of America,Other,Transport,Suggested from fuel-related merchant or message text; collapsed to Transport because Fuel is not in the shipped taxonomy.,Rs. 2810.58 withdrawn from A/c **2385 on 11/04/2024 at Chevron. Avl Bal: Rs. 28095.14.
sms_seed_v1-val-0051,val,debit,Best Buy,15909.55,USD,04-06-2024,Chase,Health,Other,Defaulted to Other because the label was not certain.,You made a $15909.55 transaction at Best Buy on 04-06-2024. Available: $54216.35.
sms_seed_v1-val-0052,val,debit,BigBasket,39140.07,INR,2023-07-13,Axis,Groceries,Groceries,Suggested from grocery-related merchant or message text.,Rs. 39140.07 debited from A/c **9088 on 2023-07-13 at BigBasket. Avl Bal: Rs. 11425.16.
sms_seed_v1-val-0054,val,debit,BP,28648.73,INR,16/11/2024,Revolut,Other,Transport,Suggested from fuel-related merchant or message text; collapsed to Transport because Fuel is not in the shipped taxonomy.,Rs. 28648.73 spent from A/c **2558 on 16/11/2024 at BP. Avl Bal: Rs. 61269.51.
sms_seed_v1-val-0055,val,debit,Zomato,49144.24,EUR,2023-08-06,Chase,Food,Food,Suggested from food-related merchant or message text.,€49144.24 withdrawn at Zomato on 2023-08-06. Card: ****8192. Balance: €62856.2.
sms_seed_v1-val-0057,val,debit,Starbucks,37346.22,INR,09-10-2023,Axis,Other,Food,Suggested from food-related merchant or message text.,INR 37346.22 withdrawn via Net Banking to Starbucks on 09-10-2023. Ref: 898852412501.
sms_seed_v1-val-0058,val,debit,McDonald's,42318.53,INR,13/02/2023,Bank of America,Other,Food,Suggested from food-related merchant or message text.,INR 42318.53 withdrawn via Debit Card to McDonald's on 13/02/2023. Ref: 548425828497.
sms_seed_v1-val-0059,val,debit,McDonald's,907.85,USD,07-02-2023,HDFC,Health,Food,Suggested from food-related merchant or message text.,You made a $907.85 transaction at McDonald's on 07-02-2023. Available: $70324.66.
sms_seed_v1-val-0060,val,debit,BigBasket,19422.27,USD,10-04-2024,HDFC,Groceries,Groceries,Suggested from grocery-related merchant or message text.,You made a $19422.27 transaction at BigBasket on 10-04-2024. Available: $48104.56.
sms_seed_v1-val-0061,val,debit,BigBasket,21656.85,INR,2023-03-09,Kotak,Groceries,Groceries,Suggested from grocery-related merchant or message text.,INR 21656.85 withdrawn via Wallet to BigBasket on 2023-03-09. Ref: 687071803864.
sms_seed_v1-val-0063,val,debit,Flipkart,25192.97,INR,13-07-2024,HDFC,Other,Other,Defaulted to Other because the label was not certain.,Your A/c **4351 spent Rs. 25192.97 on 13-07-2024 at Flipkart. Balance: Rs. 79851.94.
sms_seed_v1-val-0064,val,debit,Uber,19065.35,INR,05/08/2024,HDFC,Transport,Transport,Suggested from transport-related merchant or message text.,Rs. 19065.35 withdrawn from A/c **6530 on 05/08/2024 at Uber. Avl Bal: Rs. 49767.93.
sms_seed_v1-val-0066,val,debit,Grofers,476.82,USD,13-03-2024,Revolut,Health,Groceries,Suggested from grocery-related merchant or message text.,You made a $476.82 transaction at Grofers on 13-03-2024. Available: $15781.71.
sms_seed_v1-val-0067,val,debit,Target,23896.29,INR,24-10-2024,Chase,Other,Other,Defaulted to Other because the label was not certain.,Your A/c **7955 debited Rs. 23896.29 on 24-10-2024 at Target. Balance: Rs. 29137.4.
sms_seed_v1-val-0068,val,debit,Target,36246.33,INR,19-03-2024,Axis,Other,Other,Defaulted to Other because the label was not certain.,INR 36246.33 spent via Debit Card to Target on 19-03-2024. Ref: 673807020268.
sms_seed_v1-val-0069,val,debit,Costco,35443.27,USD,26-09-2023,Axis,Other,Other,Defaulted to Other because the label was not certain.,spent: $35443.27 at Costco on 26-09-2023 with card ...9835.
sms_seed_v1-val-0070,val,debit,Spotify,43570.16,USD,21/04/2024,Bank of America,Entertainment,Entertainment,Suggested from entertainment-related merchant or message text.,withdrawn: $43570.16 at Spotify on 21/04/2024 with card ...3559.
sms_seed_v1-val-0071,val,debit,MakeMyTrip,19326.65,INR,16/10/2024,Axis,Other,Transport,Suggested from travel-ticket merchant or message text; collapsed to Transport because Travel is not in the shipped taxonomy.,Your A/c **2929 spent Rs. 19326.65 on 16/10/2024 at MakeMyTrip. Balance: Rs. 85069.22.
sms_seed_v1-val-0072,val,debit,Zomato,43472.12,USD,20-11-2023,ICICI,Food,Food,Suggested from food-related merchant or message text.,$43472.12 spent at Zomato on 20-11-2023. Card ending in 1488. Balance: $35403.95.
sms_seed_v1-val-0073,val,debit,Target,17276.61,EUR,2023-03-16,SBI,Other,Other,Defaulted to Other because the label was not certain.,Transaction: €17276.61 to Target on 2023-03-16 via Credit Card.
sms_seed_v1-val-0075,val,debit,Whole Foods,45267.27,INR,08-07-2023,ICICI,Food,Other,Defaulted to Other because the label was not certain.,INR 45267.27 debited via Debit Card to Whole Foods on 08-07-2023. Ref: 153707142576.
sms_seed_v1-val-0076,val,debit,BookMyShow,21479.95,INR,22/03/2024,Chase,Entertainment,Entertainment,Suggested from entertainment-related merchant or message text.,Rs. 21479.95 spent from A/c **7828 on 22/03/2024 at BookMyShow. Avl Bal: Rs. 59693.99.
sms_seed_v1-val-0077,val,debit,Target,25799.8,INR,20/03/2023,Axis,Other,Other,Defaulted to Other because the label was not certain.,Your A/c **6822 debited Rs. 25799.8 on 20/03/2023 at Target. Balance: Rs. 90600.29.
sms_seed_v1-val-0078,val,debit,Myntra,20591.4,USD,18/05/2024,Revolut,Health,Other,Defaulted to Other because the label was not certain.,You made a $20591.4 transaction at Myntra on 18/05/2024. Available: $16103.93.
sms_seed_v1-val-0080,val,debit,Costco,43973.16,JPY,2024-05-17,SBI,Health,Other,Defaulted to Other because the label was not certain.,ご利用¥43973.16 at Costco on 2024-05-17. Available: ¥7747.68.
sms_seed_v1-val-0082,val,debit,Whole Foods,8873.49,JPY,02-03-2023,Kotak,Food,Other,Defaulted to Other because the label was not certain.,ご利用¥8873.49 at Whole Foods on 02-03-2023. Available: ¥92173.3.
sms_seed_v1-val-0083,val,debit,Shell,3951.83,INR,24-09-2024,Chase,Other,Transport,Suggested from fuel-related merchant or message text; collapsed to Transport because Fuel is not in the shipped taxonomy.,debited of Rs. 3951.83 made at Shell on 24-09-2024. Card ending 1862. Avl Bal: Rs. 79444.48.
sms_seed_v1-val-0085,val,debit,Costco,6307.19,EUR,2024-02-11,HDFC,Other,Other,Defaulted to Other because the label was not certain.,€6307.19 debited at Costco on 2024-02-11. Card: ****8984. Balance: €93152.5.
sms_seed_v1-val-0088,val,debit,BookMyShow,38617.15,INR,24/07/2023,SBI,Entertainment,Entertainment,Suggested from entertainment-related merchant or message text.,INR 38617.15 withdrawn via Credit Card to BookMyShow on 24/07/2023. Ref: 969792967057.
sms_seed_v1-val-0089,val,debit,MakeMyTrip,41031.2,INR,2023-02-21,HDFC,Other,Transport,Suggested from travel-ticket merchant or message text; collapsed to Transport because Travel is not in the shipped taxonomy.,Rs. 41031.2 debited from A/c **2635 on 2023-02-21 at MakeMyTrip. Avl Bal: Rs. 42320.62.
